timestamp,ip,ageCheck,alcoholExperience,crafftQuestions,crafftQuestions_2,crafftQuestions_3,crafftQuestions_4,crafftQuestions_5,crafftQuestions_6,niaaaQuestions,niaaaQuestions_2,niaaaQuestions_3,niaaaQuestions_4,photoURLs,sectionCode
2025-10-09T04:16:40.999Z,::1,yes,yes,no,yes,yes,no,yes,no,weekly,1-3TimesAMonth,3-4Days,6PlusDrinks,,,,,AVE123
2025-10-09T04:41:12.344Z,::1,yes,yes,yes,yes,yes,yes,yes,yes,occasionally,lessThanOnceAMonth,3-4Days,6PlusDrinks,,,,,WFE123
2025-10-09T04:46:12.146Z,::1,yes,yes,yes,yes,yes,yes,yes,yes,occasionally,lessThanOnceAMonth,3-4Days,6PlusDrinks,,,,,WFE123
2025-10-09T04:50:04.687Z,::1,yes,yes,yes,yes,yes,yes,yes,yes,occasionally,1-3TimesAMonth,1-2Days,2-3Drinks,,,,,WFE123
2025-10-09T04:50:25.506Z,::1,yes,yes,yes,yes,yes,yes,yes,yes,occasionally,1-3TimesAMonth,1-2Days,2-3Drinks,,,,,WFE123
2025-10-09T04:51:10.720Z,::1,yes,yes,yes,yes,yes,yes,yes,yes,occasionally,1-3TimesAMonth,1-2Days,2-3Drinks,,,,,WFE123
2025-10-09T04:58:10.853Z,::1,yes,yes,yes,yes,yes,yes,yes,yes,occasionally,1-3TimesAMonth,1-2Days,2-3Drinks,,,,,WFE123
2025-10-09T04:58:37.295Z,::1,yes,yes,yes,yes,yes,yes,yes,yes,occasionally,1-3TimesAMonth,1-2Days,2-3Drinks,,,,,WFE123
2025-10-09T04:59:35.178Z,::1,yes,yes,yes,yes,yes,yes,yes,yes,occasionally,1-3TimesAMonth,1-2Days,2-3Drinks,,,,,WFE123
2025-10-09T05:00:50.932Z,::1,yes,yes,yes,yes,yes,yes,yes,yes,occasionally,1-3TimesAMonth,1-2Days,2-3Drinks,,,,,WFE123
2025-10-09T05:03:21.247Z,::1,yes,yes,yes,yes,yes,yes,yes,yes,occasionally,1-3TimesAMonth,1-2Days,2-3Drinks,,,,,WFE123
2025-10-09T05:07:08.571Z,::1,yes,yes,yes,yes,yes,yes,yes,yes,occasionally,1-3TimesAMonth,1-2Days,2-3Drinks,,,,,WFE123
2025-10-09T05:13:12.759Z,::1,yes,yes,yes,yes,yes,yes,yes,yes,occasionally,1-3TimesAMonth,1-2Days,2-3Drinks,,,,,WFE123
2025-10-09T05:14:14.206Z,::1,yes,yes,yes,no,no,no,no,no,daily,never,0Days,1Drink,,,,,WFE123
2025-10-09T05:15:14.523Z,::1,yes,yes,yes,no,no,no,no,no,daily,never,0Days,1Drink,,,,,WFE123
2025-10-09T05:18:42.189Z,::1,yes,yes,yes,no,yes,no,yes,yes,daily,never,0Days,1Drink,,,,,WFE123
2025-10-09T05:20:29.941Z,::1,yes,yes,no,no,no,no,no,no,never,never,0Days,1Drink,,,,,WFE123
2025-10-09T05:21:17.151Z,::1,yes,yes,no,no,no,no,no,no,never,never,0Days,1Drink,,,,,WFE123
